<plugin>
<title>[B][COLORorange]iLL WiLL PrEss - All Videos[/COLOR][/B]</title>
<link>plugin://plugin.video.youtube/channel/UC19RiHSy28vMxg_dC1AI_fA/</link>
<thumbnail>https://gitlab.com/MrBlamo/Mr_Blamo_Repo/raw/master/_xmls/csb/icons/foamy_icon.png</thumbnail>
<fanart>https://gitlab.com/MrBlamo/Mr_Blamo_Repo/raw/master/_xmls/csb/icons/foamy_fanart.jpg</fanart>
</plugin>

<plugin>
<title>[B][COLORorange]iLL WiLL PrEss - Playlists[/COLOR][/B]</title>
<link>plugin://plugin.video.youtube/channel/UC19RiHSy28vMxg_dC1AI_fA/playlists/</link>
<thumbnail>https://gitlab.com/MrBlamo/Mr_Blamo_Repo/raw/master/_xmls/csb/icons/foamy_icon.png</thumbnail>
<fanart>https://gitlab.com/MrBlamo/Mr_Blamo_Repo/raw/master/_xmls/csb/icons/foamy_fanart.jpg</fanart>
</plugin>
