<item>
	<title>Scooby-Doo</title>
	<meta>
		<imdb/>
		<content>movie</content>
		<title>Scooby-Doo</title>
		<year>2002</year>
	</meta>
	<link>
		<sublink>https://openload.co/f/7IsKnYXhcQo</sublink>
		<sublink>https://openload.co/f/3mPy3roJ784</sublink>
		<sublink>https://openload.co/f/ydte1tEXJm0/Scooby-Doo_%282002%29_BluRay_720p.mp4</sublink>
		<sublink>search</sublink>
	</link>
	<thumbnail>https://image.tmdb.org/t/p/w1280//jnhGTpAdwqxicXIzrAK4QLInQgl.jpg</thumbnail>
	<fanart>https://image.tmdb.org/t/p/w1280//pWCWxPiyy8vW6wPsKVruad9fV9Z.jpg</fanart>
</item>

<item>
	<title>Scooby-Doo! and the Cyber Chase</title>
	<meta>
		<imdb/>
		<content>movie</content>
		<title>Scooby-Doo! and the Cyber Chase</title>
		<year>2001</year>
	</meta>
	<link>
		<sublink>search</sublink>
		<sublink>searchsd</sublink>
	</link>
	<thumbnail>https://image.tmdb.org/t/p/w1280//poAzQ1fRYTsTDYYKuQBXCrP28qG.jpg</thumbnail>
	<fanart>https://image.tmdb.org/t/p/w1280//vaicHCQ0ZwpiJVlwVArXPGgjq3e.jpg</fanart>
</item>

<item>
	<title>Aloha Scooby-Doo!</title>
	<meta>
		<imdb/>
		<content>movie</content>
		<title>Aloha Scooby-Doo!</title>
		<year>2005</year>
	</meta>
	<link>
		<sublink>https://openload.co/embed/90JOw1ggPUA/Aloha.Scooby.Doo.2005.1080p.BRrip.x264.GAZ.mp4</sublink>
		<sublink>https://streamango.com/f/spbmsrlpctfenfeb</sublink>
		<sublink>search</sublink>
	</link>
	<thumbnail>https://image.tmdb.org/t/p/w1280//dILyEqHboUAaFw4T4xj6bR3rdTg.jpg</thumbnail>
	<fanart>https://image.tmdb.org/t/p/w1280//ezuSnx6wPN212FZkBdG8lmt4Uzr.jpg</fanart>
</item>
<item>
	<title>Scooby-Doo 2: Monsters Unleashed</title>
	<meta>
		<imdb/>
		<content>movie</content>
		<title>Scooby-Doo 2: Monsters Unleashed</title>
		<year>2004</year>
	</meta>
	<link>
		<sublink>https://oload.download/f/VkLrhuzy3tU</sublink>
		<sublink>https://openload.co/f/Lgzr5WyO9cw/Scooby-Doo_2%3A_Monsters_Unleashed_%282004%29_720p.mp4</sublink>
		<sublink>search</sublink>
	</link>
	<thumbnail>https://image.tmdb.org/t/p/w1280//vEp6qw25qY2n03O9EaeiWNv89vb.jpg</thumbnail>
	<fanart>https://image.tmdb.org/t/p/w1280//2vRVzvqY0tydcStBkNn73JPPOPL.jpg</fanart>
</item>
<item>
	<title>Scooby-Doo! Abracadabra-Doo</title>
	<meta>
		<imdb/>
		<content>movie</content>
		<title>Scooby-Doo! Abracadabra-Doo</title>
		<year>2010</year>
	</meta>
	<link>
		<sublink>https://openload.co/f/2I-6YvLTjkE</sublink>
		<sublink>https://openload.co/f/O0a-DAFPPvk</sublink>
		<sublink>https://openload.co/f/TsqJF1JwaAU</sublink>
		<sublink>search</sublink>
	</link>
	<thumbnail>https://image.tmdb.org/t/p/w1280//sSgWaprKYzMYRlmzah7sdAG6lo6.jpg</thumbnail>
	<fanart>https://image.tmdb.org/t/p/w1280//7isX73SseGONsf9bYbEe6f9epEg.jpg</fanart>
</item>
<item>
	<title>Scooby-Doo! Frankencreepy</title>
	<meta>
		<imdb/>
		<content>movie</content>
		<title>Scooby-Doo! Frankencreepy</title>
		<year>2014</year>
	</meta>
	<link>
		<sublink>https://openload.co/f/6mvzbuug4ik</sublink>
		<sublink>search</sublink>
	</link>
	<thumbnail>https://image.tmdb.org/t/p/w1280//eMgKUc8UJ96j23syl2KkNPyUHF7.jpg</thumbnail>
	<fanart>https://image.tmdb.org/t/p/w1280//c1uIDZZGTCv1CRbErLtwpueyerz.jpg</fanart>
</item>

<item>
	<title>Scooby-Doo! and the Samurai Sword</title>
	<meta>
		<imdb/>
		<content>movie</content>
		<title>Scooby-Doo! and the Samurai Sword</title>
		<year>2009</year>
	</meta>
	<link>
		<sublink>https://www.4shared.com/video/tQGLAIP_ce/ScoobyDooAndTheSamuraiSword200.html</sublink>
		<sublink>searchsd</sublink>
	</link>
	<thumbnail>https://image.tmdb.org/t/p/w1280//7LoWIRjFsAYDDV3Fz2lk8HBAWt8.jpg</thumbnail>
	<fanart>https://image.tmdb.org/t/p/w1280//5l2mXec6P2pSIIN01mQuvsdu9u6.jpg</fanart>
</item>

<item>
	<title>Scooby-Doo! The Mystery Begins</title>
	<meta>
		<imdb/>
		<content>movie</content>
		<title>Scooby-Doo! The Mystery Begins</title>
		<year>2009</year>
	</meta>
	<link>
		<sublink>https://openload.co/f/J07-O68_TBU</sublink>
		<sublink>https://openload.co/f/_BSO_7or_YM</sublink>
		<sublink>search</sublink>
	</link>
	<thumbnail>https://image.tmdb.org/t/p/w1280//fUbx2NFwRTmRMtwcTbzEd804WQj.jpg</thumbnail>
	<fanart>https://image.tmdb.org/t/p/w1280//3jE3gnKy7VWlGayG6lRpLjVp3KT.jpg</fanart>
</item>
<item>
	<title>Scooby-Doo! Stage Fright</title>
	<meta>
		<imdb/>
		<content>movie</content>
		<title>Scooby-Doo! Stage Fright</title>
		<year>2013</year>
	</meta>
	<link>
		<sublink>https://openload.co/f/LV7LWaYCxQk</sublink>
		<sublink>https://openload.co/f/t2jsgb359dE</sublink>
		<sublink>https://openload.co/f/6XhMmPd-bg0</sublink>
		<sublink>search</sublink>
	</link>
	<thumbnail>https://image.tmdb.org/t/p/w1280//pvMPs4PxNNjq0syfSgVOLWFY3WD.jpg</thumbnail>
	<fanart>https://image.tmdb.org/t/p/w1280//e1qt9fBpeOETtJKTytqMzacberR.jpg</fanart>
</item>

<item>
	<title>Scooby-Doo! and WWE: Curse of the Speed Demon</title>
	<meta>
		<imdb/>
		<content>movie</content>
		<title>Scooby-Doo! and WWE: Curse of the Speed Demon</title>
		<year>2016</year>
	</meta>
	<link>
		<sublink>search</sublink>
		<sublink>searchsd</sublink>
	</link>
	<thumbnail>https://image.tmdb.org/t/p/w1280//qtdArGA4HmD7aDEwh6FOhkD8xdr.jpg</thumbnail>
	<fanart>https://image.tmdb.org/t/p/w1280//lmiFdQ2uiYvdrKHo7frSXegjCVV.jpg</fanart>
</item>

<item>
	<title>Lego Scooby-Doo!: Haunted Hollywood</title>
	<meta>
		<imdb/>
		<content>movie</content>
		<title>Lego Scooby-Doo!: Haunted Hollywood</title>
		<year>2016</year>
	</meta>
	<link>
		<sublink>https://openload.co/f/m7hM0b30Jfc</sublink>
		<sublink>https://openload.co/f/AlZyTXnpx-M</sublink>
		<sublink>search</sublink>
	</link>
	<thumbnail>https://image.tmdb.org/t/p/w1280//pigMBBhYWIr9RZECHgMNmaOO0TS.jpg</thumbnail>
	<fanart>https://image.tmdb.org/t/p/w1280//di8W9SdlHRxVMQx8k8Jg35omr9C.jpg</fanart>
</item>
<item>
	<title>Chill Out, Scooby-Doo!</title>
	<meta>
		<imdb/>
		<content>movie</content>
		<title>Chill Out, Scooby-Doo!</title>
		<year>2007</year>
	</meta>
	<link>
		<sublink>https://openload.co/f/PqZteCirPeI/Chill_Out%2C_Scooby-Doo%21_%282007%29_DVDRip_XviD.mp4</sublink>
		<sublink>searchsd</sublink>
	</link>
	<thumbnail>https://image.tmdb.org/t/p/w1280//wr2GXLkoCWBYiK5oG7j4UVHJSzC.jpg</thumbnail>
	<fanart>https://image.tmdb.org/t/p/w1280//hhOk8cNVcBdAD8n39LSGGS3oAbY.jpg</fanart>
</item>
<item>
	<title>Scooby-Doo! Curse of the Lake Monster</title>
	<meta>
		<imdb/>
		<content>movie</content>
		<title>Scooby-Doo! Curse of the Lake Monster</title>
		<year>2010</year>
	</meta>
	<link>
		<sublink>https://rapidgator.net/file/28f4a64acea50d235426a9f4b273734a</sublink>
		<sublink>https://openload.co/f/f9CksOmkNGs/Scooby-Doo%21_Curse_of_the_Lake_Monster_%282010%29_1080p_BluRay_H264_AAC_RARBG.mp4</sublink>
	</link>
	<thumbnail>https://image.tmdb.org/t/p/w1280//fxLfBw3vCi063pMDbffOzOp2OSw.jpg</thumbnail>
	<fanart>https://image.tmdb.org/t/p/w1280//dyst19G9c9RfqhwdhSPd9zirhwF.jpg</fanart>
</item>
<item>
	<title>Scooby-Doo! WrestleMania Mystery</title>
	<meta>
		<imdb/>
		<content>movie</content>
		<title>Scooby-Doo! WrestleMania Mystery</title>
		<year>2014</year>
	</meta>
	<link>
		<sublink>https://openload.co/f/UHYZnZhaAJM</sublink>
		<sublink>search</sublink>
	</link>
	<thumbnail>https://image.tmdb.org/t/p/w1280//1Wvdnwlv9OJ8Ph4wnO5jnGxahv6.jpg</thumbnail>
	<fanart>https://image.tmdb.org/t/p/w1280//7gCk738YzhqljcCjbX3Dbi23vuK.jpg</fanart>
</item>

<item>
	<title>Scooby-Doo! Moon Monster Madness</title>
	<meta>
		<imdb/>
		<content>movie</content>
		<title>Scooby-Doo! Moon Monster Madness</title>
		<year>2015</year>
	</meta>
	<link>
		<sublink>https://openload.co/f/3W-fzFeKz7I</sublink>
		<sublink>search</sublink>
	</link>
	<thumbnail>https://image.tmdb.org/t/p/w1280//9YV8Z7SYyFbJl85CgKsawgN9yTh.jpg</thumbnail>
	<fanart>https://image.tmdb.org/t/p/w1280//m4nLaQmnppjbxozI55OHtda5rOl.jpg</fanart>
</item>

<item>
	<title>Scooby-Doo! Pirates Ahoy!</title>
	<meta>
		<imdb/>
		<content>movie</content>
		<title>Scooby-Doo! Pirates Ahoy!</title>
		<year>2006</year>
	</meta>
	<link>
		<sublink>https://openload.co/f/guZ85YvssT0</sublink>
		<sublink>search</sublink>
	</link>
	<thumbnail>https://image.tmdb.org/t/p/w1280//tTnXOstlUMpKHSoirKI6jRMTLcP.jpg</thumbnail>
	<fanart>https://image.tmdb.org/t/p/w1280//lDe8q8A3F6c2p1WbyfOUzTtoVSw.jpg</fanart>
</item>
<item>
	<title>Scooby-Doo on Zombie Island</title>
	<meta>
		<imdb/>
		<content>movie</content>
		<title>Scooby-Doo on Zombie Island</title>
		<year>1998</year>
	</meta>
	<link>
		<sublink>search</sublink>
		<sublink>searchsd</sublink>
	</link>
	<thumbnail>https://image.tmdb.org/t/p/w1280//j1Pl3ztuweSQ3pReunO3WM7boju.jpg</thumbnail>
	<fanart>https://image.tmdb.org/t/p/w1280//yWLwD1VV5CaftlEEy3iQnGsWFCB.jpg</fanart>
</item>
<dir>
	<title>Scooby-Doo, Where Are You!</title>
	<meta>
		<imdb/>
		<content>tvshow</content>
		<tvshowtitle>Scooby-Doo, Where Are You!</tvshowtitle>
		<year>1969</year>
	</meta>
	<link>tmdb_tv_show(926, 1969, Scooby-Doo, Where Are You!)</link>
	<thumbnail>https://image.tmdb.org/t/p/w1280//kGbYwGQHFoPPMu68F5jOvfuPucG.jpg</thumbnail>
	<fanart>https://image.tmdb.org/t/p/w1280//jBWrRPuIdftrxYt4tCcyktgdQIC.jpg</fanart>
</dir>
<dir>
	<title>Scooby-Doo! Mystery Incorporated</title>
	<meta>
		<imdb/>
		<content>tvshow</content>
		<tvshowtitle>Scooby-Doo! Mystery Incorporated</tvshowtitle>
		<year>2010</year>
	</meta>
	<link>tmdb_tv_show(18123, 2010, Scooby-Doo! Mystery Incorporated)</link>
	<thumbnail>https://image.tmdb.org/t/p/w1280//n4IHrbb1XEU3vDeSpRGsAG0HlGo.jpg</thumbnail>
	<fanart>https://image.tmdb.org/t/p/w1280//whD2QF4HlVxHPOfqLfOfLavGpo6.jpg</fanart>
</dir>
<dir>
	<title>Scooby-Doo and Scrappy-Doo</title>
	<meta>
		<imdb>None</imdb>
		<content>tvshow</content>
		<tvshowtitle>Scooby-Doo and Scrappy-Doo</tvshowtitle>
		<year>1979</year>
	</meta>
	<link>tmdb_tv_show(6005, 1979, Scooby-Doo and Scrappy-Doo)</link>
	<thumbnail>https://image.tmdb.org/t/p/w1280//zfAs9cs3WNciuvItCdwW39t8YtX.jpg</thumbnail>
	<fanart>https://image.tmdb.org/t/p/w1280//izhtUEmdXkVObn4fEvN4nqVxYaj.jpg</fanart>
</dir>
<dir>
	<title>A Pup Named Scooby-Doo</title>
	<meta>
		<imdb/>
		<content>tvshow</content>
		<tvshowtitle>A Pup Named Scooby-Doo</tvshowtitle>
		<year>1988</year>
	</meta>
	<link>tmdb_tv_show(418, 1988, A Pup Named Scooby-Doo)</link>
	<thumbnail>https://image.tmdb.org/t/p/w1280//fAoXtbCpviidSVU7hMDQ32Hd1Ca.jpg</thumbnail>
	<fanart>https://image.tmdb.org/t/p/w1280//lUyTVIhRTnIAIOqm4beMHxKg90I.jpg</fanart>
</dir>
<dir>
	<title>What's New, Scooby-Doo?</title>
	<meta>
		<imdb/>
		<content>tvshow</content>
		<tvshowtitle>What's New, Scooby-Doo?</tvshowtitle>
		<year>2002</year>
	</meta>
	<link>tmdb_tv_show(652, 2002, What's New, Scooby-Doo?)</link>
	<thumbnail>https://image.tmdb.org/t/p/w1280//qF9FRSmb4d3gDXeCVemJdQZq9gp.jpg</thumbnail>
	<fanart>https://image.tmdb.org/t/p/w1280//yKyWuPnBLCLIeuu8Xh3GhP8WEmW.jpg</fanart>
</dir>
<dir>
	<title>The Scooby-Doo Show</title>
	<meta>
		<imdb>None</imdb>
		<content>tvshow</content>
		<tvshowtitle>The Scooby-Doo Show</tvshowtitle>
		<year>1976</year>
	</meta>
	<link>tmdb_tv_show(6172, 1976, The Scooby-Doo Show)</link>
	<thumbnail>https://image.tmdb.org/t/p/w1280//aJnWwa29CWQEyRw0EBHYzC5k1RX.jpg</thumbnail>
	<fanart>https://image.tmdb.org/t/p/w1280//7tQ6JDfSlL06V9VcYaciOBOgpcL.jpg</fanart>
</dir>