<?xml version="1.0" encoding="UTF-8" standalone="yes"?>
<addon id="plugin.video.madchopz" name="MaD ChopZ" version="0.0.1" provider-name="Rohas">
  <requires>
    <import addon="xbmc.python" version="2.1.0"/>
    <import addon="plugin.video.youtube"/>
  </requires>
  <extension point="xbmc.python.pluginsource" library="addon.py">
    <provides>video</provides>
  </extension>
  <extension point="xbmc.addon.metadata">
    <language>en</language>
    <summary lang="en">Playlists from Youtube. Sport of the Arts, drumset battles, musicians and more</summary>
    <description lang="en"></description>
    <disclaimer lang="en"></disclaimer>
    <platform>all</platform>
  </extension>
</addon>